date_time,maxtempC,mintempC,totalSnow_cm,sunHour,uvIndex,moon_illumination,moonrise,moonset,sunrise,sunset,DewPointC,FeelsLikeC,HeatIndexC,WindChillC,WindGustKmph,cloudcover,humidity,precipMM,pressure,tempC,visibility,winddirDegree,windspeedKmph,location
2020-04-30,27,20,0.0,11.6,6,52,12:07 PM,01:52 AM,06:01 AM,07:38 PM,9,24,24,24,26,22,42,0.0,1011,27,10,263,21,california
2020-05-01,25,16,0.0,13.3,5,58,01:14 PM,02:36 AM,06:00 AM,07:38 PM,-1,20,20,20,29,18,25,0.0,1012,25,10,266,21,california
2020-05-02,25,14,0.0,13.8,6,65,02:23 PM,03:17 AM,05:59 AM,07:39 PM,1,19,19,19,22,0,31,0.0,1013,25,10,263,17,california
2020-05-03,24,14,0.0,13.8,5,72,03:33 PM,03:53 AM,05:58 AM,07:40 PM,4,18,19,18,27,1,40,0.0,1014,24,10,263,22,california
2020-05-04,26,13,0.0,13.8,6,80,04:44 PM,04:28 AM,05:57 AM,07:41 PM,-1,20,20,20,18,0,28,0.0,1015,26,10,255,13,california
2020-05-05,30,15,0.0,13.9,6,87,05:55 PM,05:03 AM,05:56 AM,07:42 PM,-2,23,23,23,16,0,22,0.0,1015,30,10,248,11,california
2020-05-06,28,16,0.0,13.9,6,94,07:08 PM,05:39 AM,05:55 AM,07:43 PM,1,22,22,22,17,29,29,0.0,1014,28,10,275,13,california
2020-05-07,31,17,0.0,13.9,6,100,08:20 PM,06:16 AM,05:54 AM,07:43 PM,-1,24,24,24,12,20,24,0.0,1012,31,10,205,8,california
2020-05-08,32,20,0.0,13.9,6,100,09:32 PM,06:59 AM,05:54 AM,07:44 PM,-0,25,25,26,16,17,21,0.0,1011,32,10,218,11,california
2020-05-09,32,21,0.0,13.9,7,84,10:39 PM,07:46 AM,05:53 AM,07:45 PM,2,26,26,26,23,16,23,0.0,1010,32,10,227,16,california
2020-05-10,29,20,0.0,13.9,7,77,11:40 PM,08:38 AM,05:52 AM,07:46 PM,-1,24,24,24,33,3,21,0.0,1011,29,10,221,24,california
2020-05-11,25,16,0.0,14.0,6,70,No moonrise,09:36 AM,05:51 AM,07:47 PM,-2,20,20,20,34,5,24,0.0,1012,25,10,239,26,california
2020-05-12,20,13,0.0,14.0,5,62,12:33 AM,10:35 AM,05:50 AM,07:47 PM,4,16,17,16,34,6,43,0.0,1012,20,10,246,28,california
2020-05-13,21,11,0.0,14.0,5,55,01:19 AM,11:35 AM,05:49 AM,07:48 PM,3,15,16,15,28,1,45,0.0,1013,21,10,255,22,california
2020-05-14,22,12,0.0,14.0,5,48,01:57 AM,12:34 PM,05:49 AM,07:49 PM,3,17,18,17,28,1,39,0.0,1013,22,10,270,22,california
2020-05-15,25,14,0.0,14.0,6,40,02:30 AM,01:32 PM,05:48 AM,07:50 PM,5,19,19,19,21,7,42,0.0,1012,25,10,278,16,california
2020-05-16,28,15,0.0,11.1,5,33,03:00 AM,02:27 PM,05:47 AM,07:50 PM,5,21,21,21,17,48,36,0.0,1010,28,10,239,13,california
2020-05-17,27,17,0.0,14.1,6,26,03:28 AM,03:23 PM,05:46 AM,07:51 PM,4,21,21,22,30,5,33,0.0,1010,27,10,234,23,california
2020-05-18,21,15,0.0,14.1,5,19,03:54 AM,04:17 PM,05:46 AM,07:52 PM,7,17,18,17,35,11,53,0.0,1011,21,10,230,28,california
2020-05-19,17,10,0.0,14.1,4,11,04:21 AM,05:13 PM,05:45 AM,07:53 PM,1,12,14,12,30,6,45,0.0,1012,17,10,264,25,california
2020-05-20,22,11,0.0,14.1,5,4,04:48 AM,06:09 PM,05:44 AM,07:53 PM,1,16,16,16,17,1,37,0.0,1015,22,10,264,12,california
2020-05-21,26,14,0.0,14.1,6,0,05:18 AM,07:07 PM,05:44 AM,07:54 PM,-1,20,19,20,14,11,27,0.0,1013,26,10,236,10,california
2020-05-22,25,16,0.0,14.1,6,0,05:51 AM,08:06 PM,05:43 AM,07:55 PM,2,20,20,20,31,5,31,0.0,1008,25,10,259,23,california
2020-05-23,24,14,0.0,14.1,6,3,06:28 AM,09:06 PM,05:43 AM,07:56 PM,-3,19,19,19,16,1,25,0.0,1011,24,10,242,11,california
2020-05-24,28,16,0.0,14.1,6,10,07:12 AM,10:04 PM,05:42 AM,07:56 PM,-4,21,21,22,13,3,19,0.0,1011,28,10,243,9,california
2020-05-25,32,19,0.0,14.2,7,17,08:02 AM,11:00 PM,05:42 AM,07:57 PM,-0,25,25,26,13,0,20,0.0,1011,32,10,188,9,california
2020-05-26,35,22,0.0,14.2,8,25,08:59 AM,11:51 PM,05:41 AM,07:58 PM,2,29,29,29,17,0,20,0.0,1011,35,10,236,11,california
2020-05-27,36,24,0.0,14.2,8,32,10:00 AM,No moonset,05:41 AM,07:58 PM,6,28,28,29,23,0,24,0.0,1011,36,10,248,15,california
2020-05-28,37,24,0.0,14.2,8,39,11:05 AM,12:36 AM,05:40 AM,07:59 PM,6,30,30,30,26,0,24,0.0,1011,37,10,222,17,california
2020-05-29,32,22,0.0,14.5,7,47,12:12 PM,01:17 AM,05:40 AM,08:00 PM,6,27,27,27,26,2,29,0.0,1011,32,10,213,19,california
2020-05-30,26,16,0.0,12.4,5,54,01:20 PM,01:54 AM,05:40 AM,08:00 PM,3,21,21,21,39,30,31,0.0,1013,26,10,229,30,california
2020-05-31,29,15,0.0,14.5,6,58,02:27 PM,02:28 AM,05:39 AM,08:01 PM,5,21,21,21,17,10,39,0.0,1011,29,10,238,13,california
2020-06-01,29,18,0.0,13.4,5,71,03:37 PM,03:01 AM,05:39 AM,08:01 PM,4,23,23,23,23,19,32,0.0,1011,29,10,236,17,california
2020-06-02,32,19,0.0,14.5,7,79,04:46 PM,03:35 AM,05:39 AM,08:02 PM,5,25,25,25,13,25,29,0.0,1013,32,10,197,9,california
2020-06-03,35,22,0.0,14.5,6,86,05:57 PM,04:10 AM,05:38 AM,08:03 PM,3,27,27,28,17,13,23,0.1,1012,35,10,236,12,california
2020-06-04,35,24,0.0,14.5,8,94,07:09 PM,04:49 AM,05:38 AM,08:03 PM,3,29,29,29,24,0,20,0.0,1008,35,10,235,17,california
2020-06-05,29,20,0.0,14.5,7,100,08:18 PM,05:34 AM,05:38 AM,08:04 PM,6,25,25,24,33,13,31,0.0,1006,29,10,229,24,california
2020-06-06,24,15,0.0,14.5,6,100,09:23 PM,06:23 AM,05:38 AM,08:04 PM,6,19,20,19,38,5,45,0.0,1008,24,10,247,31,california
2020-06-07,21,10,0.0,14.5,5,84,10:21 PM,07:19 AM,05:38 AM,08:05 PM,-3,14,16,14,46,0,31,0.0,1010,21,10,272,36,california
2020-06-08,25,11,0.0,14.5,5,76,11:11 PM,08:18 AM,05:38 AM,08:05 PM,-8,17,18,17,24,0,20,0.0,1016,25,10,150,17,california
2020-06-09,29,15,0.0,14.5,6,69,11:54 PM,09:20 AM,05:37 AM,08:06 PM,-8,22,22,23,13,0,15,0.0,1016,29,10,210,8,california
2020-06-10,33,19,0.0,14.5,7,61,No moonrise,10:21 AM,05:37 AM,08:06 PM,-6,26,26,26,15,0,13,0.0,1015,33,10,241,9,california
2020-06-11,34,21,0.0,14.5,7,54,12:30 AM,11:20 AM,05:37 AM,08:07 PM,-4,27,27,27,21,0,14,0.0,1014,34,10,232,15,california
2020-06-12,28,20,0.0,14.5,7,46,01:02 AM,12:17 PM,05:37 AM,08:07 PM,-4,25,25,24,34,2,17,0.0,1014,28,10,244,24,california
2020-06-13,25,12,0.0,14.5,5,38,01:30 AM,01:14 PM,05:37 AM,08:07 PM,2,19,19,19,26,2,37,0.0,1012,25,10,265,21,california
2020-06-14,29,14,0.0,14.5,6,31,01:57 AM,02:09 PM,05:37 AM,08:08 PM,1,21,21,21,17,0,28,0.0,1010,29,10,254,12,california
2020-06-15,31,17,0.0,14.5,6,23,02:23 AM,03:04 PM,05:37 AM,08:08 PM,3,23,23,24,21,15,28,0.0,1011,31,10,252,15,california
2020-06-16,29,16,0.0,14.5,6,16,02:50 AM,04:00 PM,05:38 AM,08:08 PM,3,22,22,22,31,1,29,0.0,1009,29,10,249,23,california
2020-06-17,29,16,0.0,14.5,6,8,03:19 AM,04:57 PM,05:38 AM,08:09 PM,2,22,22,23,19,0,27,0.0,1011,29,10,206,12,california
2020-06-18,32,18,0.0,14.5,7,1,03:50 AM,05:56 PM,05:38 AM,08:09 PM,-0,25,25,25,17,1,21,0.0,1010,32,10,204,12,california
2020-06-19,34,19,0.0,14.5,6,0,04:26 AM,06:55 PM,05:38 AM,08:09 PM,1,27,27,27,18,14,22,0.0,1010,34,10,214,11,california
2020-06-20,35,21,0.0,14.5,7,0,05:08 AM,07:55 PM,05:38 AM,08:09 PM,1,27,27,28,21,0,20,0.0,1011,35,10,243,14,california
2020-06-21,36,22,0.0,14.5,8,0,05:56 AM,08:53 PM,05:38 AM,08:10 PM,3,28,28,29,23,0,20,0.0,1010,36,10,253,15,california
2020-06-22,36,22,0.0,14.5,8,7,06:51 AM,09:47 PM,05:39 AM,08:10 PM,6,29,29,29,22,0,26,0.0,1011,36,10,220,14,california
2020-06-23,37,23,0.0,14.5,7,14,07:52 AM,10:35 PM,05:39 AM,08:10 PM,5,31,31,30,20,15,24,0.0,1010,37,10,219,13,california
2020-06-24,37,24,0.0,12.4,7,22,08:58 AM,11:18 PM,05:39 AM,08:10 PM,8,31,31,30,24,60,27,0.0,1007,37,10,227,16,california
2020-06-25,38,23,0.0,14.5,8,29,10:05 AM,11:56 PM,05:40 AM,08:10 PM,7,31,31,31,29,3,26,0.0,1006,38,10,243,19,california
2020-06-26,36,22,0.0,14.5,8,37,11:12 AM,No moonset,05:40 AM,08:10 PM,6,29,29,29,15,10,26,0.0,1008,36,10,209,10,california
2020-06-27,39,24,0.0,14.5,8,44,12:19 PM,12:30 AM,05:40 AM,08:10 PM,7,32,32,31,28,0,26,0.0,1007,39,10,237,19,california
2020-06-28,30,21,0.0,14.5,7,52,01:26 PM,01:03 AM,05:41 AM,08:10 PM,5,26,26,26,49,8,30,0.0,1004,30,10,231,34,california
2020-06-29,26,14,0.0,14.5,6,59,02:34 PM,01:36 AM,05:41 AM,08:10 PM,2,20,20,20,30,1,34,0.0,1009,26,10,229,21,california
2020-06-30,31,16,0.0,14.5,7,67,03:42 PM,02:09 AM,05:41 AM,08:10 PM,-0,24,24,24,16,0,23,0.0,1011,31,10,222,11,california
2020-07-01,32,19,0.0,14.5,7,72,04:51 PM,02:46 AM,05:42 AM,08:10 PM,3,26,26,26,32,0,25,0.0,1009,32,10,231,22,california
2020-07-02,32,18,0.0,14.5,7,79,06:00 PM,03:27 AM,05:42 AM,08:10 PM,1,25,25,25,29,0,23,0.0,1010,32,10,218,19,california
2020-07-03,34,18,0.0,14.5,7,86,07:07 PM,04:13 AM,05:43 AM,08:10 PM,-1,27,27,27,22,0,20,0.0,1013,34,10,217,15,california
2020-07-04,36,19,0.0,14.5,7,94,08:07 PM,05:05 AM,05:43 AM,08:10 PM,-3,28,28,28,22,0,15,0.0,1013,36,10,252,14,california
2020-07-05,36,20,0.0,14.5,8,100,09:01 PM,06:03 AM,05:44 AM,08:10 PM,-4,29,29,29,21,0,14,0.0,1011,36,10,263,14,california
2020-07-06,37,21,0.0,14.5,8,100,09:48 PM,07:04 AM,05:44 AM,08:09 PM,-5,29,29,29,23,0,12,0.0,1009,37,10,249,15,california
2020-07-07,35,19,0.0,14.5,7,85,10:26 PM,08:06 AM,05:45 AM,08:09 PM,-5,27,27,28,30,0,14,0.0,1009,35,10,250,20,california
2020-07-08,36,19,0.0,14.5,7,77,11:01 PM,09:07 AM,05:45 AM,08:09 PM,-3,28,28,28,26,0,15,0.0,1009,36,10,241,17,california
2020-07-09,37,19,0.0,14.5,8,70,11:31 PM,10:06 AM,05:46 AM,08:09 PM,-2,29,29,29,23,0,17,0.0,1009,37,10,231,14,california
2020-07-10,38,21,0.0,14.5,8,63,11:58 PM,11:03 AM,05:47 AM,08:08 PM,-1,29,29,30,19,2,15,0.0,1012,38,10,208,13,california
2020-07-11,40,23,0.0,14.5,8,55,No moonrise,11:59 AM,05:47 AM,08:08 PM,-1,33,33,32,23,4,14,0.0,1013,40,10,238,15,california
2020-07-12,41,27,0.0,14.5,9,48,12:24 AM,12:54 PM,05:48 AM,08:07 PM,3,35,35,34,26,4,15,0.0,1011,41,10,249,18,california
2020-07-13,37,25,0.0,14.5,8,41,12:51 AM,01:49 PM,05:48 AM,08:07 PM,-2,31,31,32,35,0,13,0.0,1009,37,10,239,23,california
2020-07-14,36,22,0.0,14.5,8,34,01:19 AM,02:45 PM,05:49 AM,08:07 PM,1,29,29,29,34,2,18,0.0,1010,36,10,227,22,california
2020-07-15,35,20,0.0,14.5,7,26,01:49 AM,03:43 PM,05:50 AM,08:06 PM,3,28,28,28,26,0,23,0.0,1010,35,10,216,16,california
2020-07-16,36,20,0.0,14.5,8,19,02:22 AM,04:42 PM,05:50 AM,08:06 PM,4,29,29,29,22,0,26,0.0,1010,36,10,211,14,california
2020-07-17,36,21,0.0,14.5,8,12,03:01 AM,05:43 PM,05:51 AM,08:05 PM,4,29,29,29,23,0,26,0.0,1012,36,10,218,15,california
2020-07-18,38,21,0.0,14.5,8,5,03:47 AM,06:41 PM,05:52 AM,08:05 PM,3,30,30,30,24,0,24,0.0,1012,38,10,221,16,california
2020-07-19,38,22,0.0,14.5,8,0,04:39 AM,07:38 PM,05:52 AM,08:04 PM,3,31,31,31,24,0,20,0.0,1011,38,10,252,16,california
2020-07-20,37,22,0.0,14.5,8,0,05:40 AM,08:29 PM,05:53 AM,08:04 PM,3,30,30,30,24,0,19,0.0,1010,37,10,258,16,california
2020-07-21,38,22,0.0,14.5,8,2,06:45 AM,09:15 PM,05:54 AM,08:03 PM,3,31,31,31,22,0,21,0.0,1008,38,10,235,14,california
2020-07-22,34,20,0.0,14.5,7,10,07:53 AM,09:56 PM,05:54 AM,08:02 PM,2,28,28,28,32,1,22,0.0,1008,34,10,227,22,california
2020-07-23,34,18,0.0,14.5,7,17,09:02 AM,10:32 PM,05:55 AM,08:02 PM,2,27,27,27,27,0,24,0.0,1009,34,10,228,17,california
2020-07-24,34,19,0.0,14.5,7,24,10:11 AM,11:06 PM,05:56 AM,08:01 PM,5,27,27,27,24,0,28,0.0,1009,34,10,221,15,california
2020-07-25,35,19,0.0,14.4,7,32,11:19 AM,11:39 PM,05:56 AM,08:00 PM,3,28,28,28,21,0,24,0.0,1010,35,10,222,13,california
2020-07-26,36,20,0.0,14.0,8,39,12:26 PM,No moonset,05:57 AM,07:59 PM,4,29,29,29,15,0,24,0.0,1011,36,10,202,9,california
2020-07-27,37,21,0.0,14.0,8,46,01:34 PM,12:11 AM,05:58 AM,07:59 PM,3,30,30,30,22,0,21,0.0,1010,37,10,225,14,california
2020-07-28,37,21,0.0,14.0,8,53,02:42 PM,12:46 AM,05:59 AM,07:58 PM,1,30,30,29,21,0,20,0.0,1010,37,10,196,13,california
2020-07-29,38,21,0.0,14.0,8,61,03:50 PM,01:25 AM,05:59 AM,07:57 PM,0,30,30,30,22,0,19,0.0,1010,38,10,221,14,california
2020-07-30,38,21,0.0,13.6,8,68,04:55 PM,02:08 AM,06:00 AM,07:56 PM,-2,31,31,30,22,0,17,0.0,1012,38,10,225,14,california
2020-07-31,40,24,0.0,11.6,8,72,05:57 PM,02:57 AM,06:01 AM,07:55 PM,2,33,33,33,25,0,15,0.0,1012,40,10,249,16,california
2020-08-01,39,23,0.0,11.6,8,82,06:53 PM,03:52 AM,06:02 AM,07:55 PM,-4,32,32,32,28,0,13,0.0,1012,39,10,268,18,california
2020-08-02,39,22,0.0,11.6,8,90,07:42 PM,04:51 AM,06:02 AM,07:54 PM,-6,31,31,31,28,0,10,0.0,1011,39,10,258,18,california
2020-08-03,39,22,0.0,11.6,8,97,08:23 PM,05:53 AM,06:03 AM,07:53 PM,-4,31,31,31,31,3,11,0.0,1011,39,10,271,20,california
2020-08-04,37,21,0.0,11.6,8,100,08:59 PM,06:54 AM,06:04 AM,07:52 PM,2,30,30,30,31,0,20,0.0,1010,37,10,247,19,california
2020-08-05,34,19,0.0,11.6,7,88,09:31 PM,07:54 AM,06:05 AM,07:51 PM,3,27,27,27,33,0,25,0.0,1009,34,10,241,21,california
2020-08-06,31,16,0.0,11.6,7,81,09:59 PM,08:52 AM,06:05 AM,07:50 PM,5,24,24,24,30,0,34,0.0,1009,31,10,229,19,california
2020-08-07,32,16,0.0,11.6,7,74,10:25 PM,09:49 AM,06:06 AM,07:49 PM,5,25,25,25,22,0,33,0.0,1011,32,10,221,14,california
2020-08-08,34,18,0.0,11.6,7,67,10:52 PM,10:44 AM,06:07 AM,07:48 PM,4,27,27,27,22,0,28,0.0,1013,34,10,218,14,california
2020-08-09,36,19,0.0,11.6,7,59,11:19 PM,11:39 AM,06:08 AM,07:47 PM,3,28,28,28,18,0,25,0.0,1012,36,10,210,11,california
2020-08-10,36,20,0.0,11.6,8,52,11:48 PM,12:34 PM,06:08 AM,07:46 PM,4,29,29,28,23,0,25,0.0,1011,36,10,223,15,california
2020-08-11,36,20,0.0,11.6,7,45,No moonrise,01:32 PM,06:09 AM,07:45 PM,4,28,28,28,27,0,25,0.0,1011,36,10,232,17,california
2020-08-12,37,20,0.0,11.6,8,38,12:19 AM,02:29 PM,06:10 AM,07:43 PM,1,30,30,29,26,0,20,0.0,1011,37,10,231,18,california
2020-08-13,37,23,0.0,10.4,7,30,12:55 AM,03:28 PM,06:11 AM,07:42 PM,4,30,30,30,18,26,21,0.5,1012,37,10,265,11,california
2020-08-14,38,24,0.0,11.6,8,23,01:37 AM,04:27 PM,06:11 AM,07:41 PM,7,31,31,31,15,7,24,0.0,1011,38,10,247,9,california
2020-08-15,41,28,0.0,11.6,9,16,02:26 AM,05:25 PM,06:12 AM,07:40 PM,7,35,35,35,14,13,20,0.0,1010,41,10,245,9,california
2020-08-16,41,28,0.0,11.6,9,8,03:23 AM,06:18 PM,06:13 AM,07:39 PM,8,35,35,35,14,7,22,0.0,1011,41,10,241,9,california
2020-08-17,42,28,0.0,11.6,9,1,04:26 AM,07:07 PM,06:14 AM,07:38 PM,8,36,36,35,18,18,22,0.0,1012,42,10,224,11,california
2020-08-18,41,28,0.0,11.6,8,0,05:34 AM,07:50 PM,06:14 AM,07:36 PM,8,35,35,35,18,18,21,0.1,1012,41,10,238,11,california
2020-08-19,40,28,0.0,11.6,8,0,06:44 AM,08:29 PM,06:15 AM,07:35 PM,8,33,33,34,21,27,22,0.2,1010,40,10,273,14,california
2020-08-20,39,26,0.0,11.6,8,6,07:56 AM,09:05 PM,06:16 AM,07:34 PM,1,32,32,33,29,3,14,0.0,1008,39,10,287,19,california
2020-08-21,40,26,0.0,11.6,8,13,09:06 AM,09:39 PM,06:17 AM,07:33 PM,2,33,33,33,28,7,15,0.0,1007,40,10,275,18,california
2020-08-22,38,26,0.0,11.6,8,20,10:16 AM,10:12 PM,06:17 AM,07:31 PM,6,32,32,32,25,25,21,0.0,1009,38,10,222,16,california
2020-08-23,36,23,0.0,11.6,7,28,11:25 AM,10:47 PM,06:18 AM,07:30 PM,11,30,30,29,23,13,35,0.1,1010,36,10,219,14,california
2020-08-24,36,23,0.0,11.6,8,35,12:34 PM,11:25 PM,06:19 AM,07:29 PM,9,31,31,30,24,14,32,0.0,1010,36,10,219,16,california
2020-08-25,37,24,0.0,11.6,8,42,01:43 PM,No moonset,06:20 AM,07:28 PM,7,32,32,31,25,1,26,0.0,1009,37,10,225,17,california
2020-08-26,38,23,0.0,11.6,8,50,02:49 PM,12:06 AM,06:20 AM,07:26 PM,5,31,31,31,24,0,25,0.0,1007,38,10,239,16,california
2020-08-27,37,22,0.0,11.6,8,57,03:52 PM,12:54 AM,06:21 AM,07:25 PM,5,30,30,30,22,0,26,0.0,1006,37,10,251,14,california
2020-08-28,35,23,0.0,11.6,8,64,04:48 PM,01:46 AM,06:22 AM,07:24 PM,-1,30,30,30,25,0,17,0.0,1008,35,10,236,17,california
2020-08-29,34,21,0.0,11.6,7,71,05:39 PM,02:43 AM,06:23 AM,07:22 PM,-3,27,27,28,23,0,15,0.0,1009,34,10,222,14,california
2020-08-30,34,19,0.0,11.6,7,79,06:21 PM,03:43 AM,06:23 AM,07:21 PM,-2,27,27,27,18,0,19,0.0,1009,34,10,211,11,california
2020-08-31,35,20,0.0,11.6,7,82,06:59 PM,04:44 AM,06:24 AM,07:19 PM,0,28,28,28,21,0,21,0.0,1008,35,10,220,13,california
2020-09-01,35,21,0.0,11.6,7,97,07:31 PM,05:44 AM,06:25 AM,07:18 PM,3,28,28,29,21,0,22,0.0,1010,35,10,220,12,california
2020-09-02,37,22,0.0,11.6,8,100,08:00 PM,06:42 AM,06:25 AM,07:17 PM,4,30,30,30,18,0,22,0.0,1013,37,10,244,12,california
2020-09-03,38,23,0.0,11.6,8,88,08:27 PM,07:40 AM,06:26 AM,07:15 PM,4,31,31,31,15,0,22,0.0,1013,38,10,240,9,california
2020-09-04,39,24,0.0,11.6,8,81,08:54 PM,08:35 AM,06:27 AM,07:14 PM,3,33,33,32,15,0,20,0.0,1012,39,10,233,9,california
2020-09-05,40,25,0.0,11.6,8,73,09:20 PM,09:31 AM,06:28 AM,07:12 PM,3,33,33,33,13,0,17,0.0,1014,40,10,218,8,california
2020-09-06,41,28,0.0,11.6,9,66,09:48 PM,10:26 AM,06:28 AM,07:11 PM,2,35,35,35,17,1,15,0.0,1013,41,10,242,9,california
2020-09-07,41,29,0.0,11.6,9,58,10:17 PM,11:22 AM,06:29 AM,07:10 PM,1,35,35,36,34,8,12,0.0,1008,41,10,269,20,california
2020-09-08,35,27,0.0,11.6,8,50,10:51 PM,12:19 PM,06:30 AM,07:08 PM,-4,30,30,31,38,0,11,0.0,1006,35,10,175,25,california
2020-09-09,29,16,0.0,11.6,6,43,11:30 PM,01:17 PM,06:31 AM,07:07 PM,-11,23,23,23,12,0,11,0.0,1013,29,10,98,8,california
2020-09-10,31,16,0.0,11.6,7,35,No moonrise,02:15 PM,06:31 AM,07:05 PM,-7,24,24,24,13,0,14,0.0,1015,31,10,137,8,california
2020-09-11,32,17,0.0,11.6,7,28,12:14 AM,03:12 PM,06:32 AM,07:04 PM,-3,25,25,25,9,0,19,0.0,1014,32,10,180,5,california
2020-09-12,34,19,0.0,11.6,7,20,01:07 AM,04:06 PM,06:33 AM,07:02 PM,-1,27,27,27,13,0,19,0.0,1012,34,10,225,7,california
2020-09-13,36,20,0.0,11.6,7,13,02:06 AM,04:56 PM,06:34 AM,07:01 PM,-1,28,28,29,13,0,17,0.0,1012,36,10,189,8,california
2020-09-14,35,20,0.0,11.6,7,5,03:12 AM,05:42 PM,06:34 AM,06:59 PM,-0,28,28,28,13,0,18,0.0,1013,35,10,206,8,california
2020-09-15,35,20,0.0,11.6,7,0,04:21 AM,06:22 PM,06:35 AM,06:58 PM,1,28,28,28,13,1,18,0.0,1015,35,10,220,9,california
2020-09-16,35,21,0.0,11.6,8,0,05:32 AM,06:59 PM,06:36 AM,06:56 PM,-3,28,28,28,15,2,14,0.0,1014,35,10,215,10,california
2020-09-17,35,18,0.0,11.6,7,0,06:44 AM,07:34 PM,06:37 AM,06:55 PM,-3,27,27,27,15,8,16,0.0,1013,35,10,215,10,california
2020-09-18,34,22,0.0,11.6,7,2,07:56 AM,08:08 PM,06:37 AM,06:54 PM,1,28,28,28,19,16,20,0.0,1012,34,10,254,13,california
2020-09-19,33,19,0.0,11.6,7,10,09:08 AM,08:43 PM,06:38 AM,06:52 PM,6,26,26,26,24,1,32,0.0,1011,33,10,259,16,california
2020-09-20,33,16,0.0,11.6,7,17,10:20 AM,09:22 PM,06:39 AM,06:51 PM,1,25,25,25,15,0,28,0.0,1011,33,10,213,9,california
2020-09-21,33,19,0.0,11.6,7,25,11:32 AM,10:03 PM,06:39 AM,06:49 PM,1,26,26,26,20,0,22,0.0,1011,33,10,213,13,california
2020-09-22,32,19,0.0,11.6,7,32,12:41 PM,10:49 PM,06:40 AM,06:48 PM,1,26,26,26,26,0,23,0.0,1014,32,10,237,17,california
2020-09-23,33,17,0.0,11.6,7,40,01:47 PM,11:42 PM,06:41 AM,06:46 PM,1,26,26,26,15,0,24,0.0,1015,33,10,236,9,california
2020-09-24,33,17,0.0,11.6,7,47,02:46 PM,No moonset,06:42 AM,06:45 PM,0,25,25,25,20,0,24,0.0,1013,33,10,263,13,california
2020-09-25,31,16,0.0,11.6,6,55,03:38 PM,12:37 AM,06:42 AM,06:43 PM,3,23,23,23,19,0,32,0.0,1012,31,10,258,12,california
2020-09-26,31,15,0.0,11.6,7,62,04:22 PM,01:37 AM,06:43 AM,06:42 PM,3,24,24,24,17,0,32,0.0,1012,31,10,255,10,california
2020-09-27,34,16,0.0,11.6,7,70,05:00 PM,02:37 AM,06:44 AM,06:40 PM,1,26,26,26,13,3,26,0.0,1011,34,10,156,9,california
2020-09-28,34,20,0.0,11.6,7,78,05:34 PM,03:37 AM,06:45 AM,06:39 PM,-1,27,27,28,19,0,19,0.0,1014,34,10,83,13,california
2020-09-29,34,18,0.0,11.6,7,85,06:03 PM,04:36 AM,06:46 AM,06:38 PM,-5,26,26,26,9,0,15,0.0,1016,34,10,150,5,california
2020-09-30,35,20,0.0,11.6,7,93,06:31 PM,05:33 AM,06:46 AM,06:36 PM,-2,28,28,28,13,0,17,0.0,1015,35,10,233,7,california
2020-10-01,36,20,0.0,11.6,7,97,06:57 PM,06:29 AM,06:47 AM,06:35 PM,-4,29,29,29,12,0,17,0.0,1015,36,10,220,7,california
2020-10-02,36,19,0.0,11.6,7,100,07:23 PM,07:25 AM,06:48 AM,06:33 PM,-3,29,29,28,13,0,17,0.0,1012,36,10,247,7,california
2020-10-03,35,18,0.0,11.6,7,89,07:50 PM,08:19 AM,06:49 AM,06:32 PM,-4,28,28,28,13,0,16,0.0,1011,35,10,239,7,california
2020-10-04,35,18,0.0,11.6,7,82,08:18 PM,09:16 AM,06:49 AM,06:30 PM,-3,27,27,27,14,0,17,0.0,1013,35,10,211,9,california
2020-10-05,34,18,0.0,10.2,6,74,08:50 PM,10:12 AM,06:50 AM,06:29 PM,-5,26,26,26,16,32,16,0.0,1015,34,10,232,10,california
2020-10-06,32,16,0.0,11.6,6,67,09:27 PM,11:09 AM,06:51 AM,06:28 PM,-5,24,24,25,13,16,16,0.0,1014,32,10,243,8,california
2020-10-07,31,17,0.0,11.6,7,60,10:08 PM,12:07 PM,06:52 AM,06:26 PM,-2,24,24,24,19,2,21,0.0,1011,31,10,226,13,california
2020-10-08,30,15,0.0,11.6,6,53,10:56 PM,01:03 PM,06:53 AM,06:25 PM,-1,23,23,23,22,3,25,0.0,1012,30,10,246,14,california
2020-10-09,27,13,0.0,11.6,6,45,11:52 PM,01:57 PM,06:54 AM,06:24 PM,2,20,21,20,24,9,34,0.0,1012,27,10,249,14,california
2020-10-10,26,14,0.0,11.6,6,38,No moonrise,02:48 PM,06:54 AM,06:22 PM,4,19,20,19,28,11,41,0.0,1012,26,10,247,18,california
2020-10-11,26,13,0.0,11.6,6,31,12:52 AM,03:34 PM,06:55 AM,06:21 PM,6,19,20,19,19,2,49,0.0,1014,26,10,237,10,california
2020-10-12,31,14,0.0,11.6,6,23,01:58 AM,04:15 PM,06:56 AM,06:20 PM,5,23,23,23,13,0,43,0.0,1015,31,10,229,8,california
2020-10-13,31,14,0.0,11.6,6,16,03:07 AM,04:52 PM,06:57 AM,06:18 PM,2,23,23,23,13,0,34,0.0,1016,31,10,255,8,california
2020-10-14,32,14,0.0,11.6,7,9,04:18 AM,05:28 PM,06:58 AM,06:17 PM,-0,24,24,24,11,0,27,0.0,1016,32,10,225,6,california
2020-10-15,33,15,0.0,11.6,7,2,05:30 AM,06:02 PM,06:59 AM,06:16 PM,-1,25,25,25,6,0,25,0.0,1015,33,10,155,4,california
2020-10-16,32,18,0.0,11.6,7,0,06:42 AM,06:37 PM,06:59 AM,06:15 PM,-2,26,26,26,12,7,19,0.0,1014,32,10,120,7,california
2020-10-17,33,16,0.0,11.1,7,0,07:56 AM,07:14 PM,07:00 AM,06:13 PM,-1,25,25,25,19,0,23,0.0,1012,33,10,267,12,california
2020-10-18,32,18,0.0,11.1,7,5,09:10 AM,07:54 PM,07:01 AM,06:12 PM,-2,25,25,25,27,1,20,0.0,1013,32,10,266,17,california
2020-10-19,32,15,0.0,11.1,7,13,10:23 AM,08:40 PM,07:02 AM,06:11 PM,-3,24,24,24,17,0,20,0.0,1013,32,10,251,10,california
2020-10-20,31,14,0.0,11.1,6,20,11:34 AM,09:32 PM,07:03 AM,06:10 PM,-4,24,24,23,13,0,21,0.0,1010,31,10,240,7,california
2020-10-21,30,13,0.0,11.1,6,27,12:38 PM,10:28 PM,07:04 AM,06:09 PM,-1,22,22,22,15,0,28,0.0,1008,30,10,245,10,california
2020-10-22,28,14,0.0,11.0,6,35,01:35 PM,11:29 PM,07:05 AM,06:07 PM,1,21,21,21,23,0,31,0.0,1009,28,10,239,14,california
2020-10-23,25,11,0.0,10.1,4,42,02:22 PM,No moonset,07:06 AM,06:06 PM,4,18,19,18,18,30,45,0.0,1012,25,10,221,11,california
2020-10-24,23,11,0.0,11.0,5,49,03:03 PM,12:30 AM,07:06 AM,06:05 PM,3,16,17,16,32,8,46,0.0,1012,23,10,232,19,california
2020-10-25,22,9,0.0,11.0,5,56,03:37 PM,01:31 AM,07:07 AM,06:04 PM,3,14,16,14,30,0,51,0.0,1011,22,10,244,18,california
2020-10-26,17,5,0.0,11.0,4,64,04:07 PM,02:30 AM,07:08 AM,06:03 PM,-17,10,12,10,25,5,20,0.0,1019,17,10,94,17,california
2020-10-27,19,4,0.0,10.9,4,71,04:35 PM,03:28 AM,07:09 AM,06:02 PM,-19,12,12,12,8,0,12,0.0,1020,19,10,157,4,california
2020-10-28,24,7,0.0,10.9,5,78,05:01 PM,04:23 AM,07:10 AM,06:01 PM,-7,16,16,16,8,0,26,0.0,1017,24,10,219,5,california
2020-10-29,25,8,0.0,10.9,5,85,05:27 PM,05:19 AM,07:11 AM,06:00 PM,-5,17,18,17,6,0,31,0.0,1016,25,10,181,4,california
2020-10-30,26,10,0.0,8.7,5,93,05:53 PM,06:14 AM,07:12 AM,05:59 PM,-7,18,18,18,8,0,26,0.0,1016,26,10,218,4,california
2020-10-31,26,9,0.0,8.7,5,97,06:21 PM,07:10 AM,07:13 AM,05:58 PM,-6,18,18,18,6,0,28,0.0,1017,26,10,144,3,california
2020-11-01,27,12,0.0,8.7,6,89,06:52 PM,08:06 AM,07:14 AM,05:57 PM,-7,20,21,20,11,20,21,0.0,1020,27,10,129,7,california
2020-11-02,28,13,0.0,8.7,6,81,07:27 PM,09:04 AM,07:15 AM,05:56 PM,-6,21,21,21,10,10,20,0.0,1018,28,10,200,6,california
2020-11-03,27,13,0.0,8.7,6,74,08:06 PM,10:01 AM,07:16 AM,05:55 PM,1,20,20,20,9,3,34,0.0,1016,27,10,216,5,california
2020-11-04,27,12,0.0,8.7,6,66,08:52 PM,10:58 AM,07:17 AM,05:54 PM,-4,20,20,20,9,1,23,0.0,1019,27,10,239,5,california
2020-11-05,28,12,0.0,8.7,6,58,09:44 PM,11:53 AM,07:18 AM,05:53 PM,-1,20,20,20,10,3,31,0.0,1018,28,10,206,5,california
2020-11-06,23,13,0.0,8.7,5,51,10:42 PM,12:44 PM,07:19 AM,05:52 PM,0,17,18,17,23,14,39,0.0,1005,23,10,247,16,california
2020-11-07,10,4,0.0,3.9,2,43,11:44 PM,01:30 PM,07:20 AM,05:52 PM,0,4,7,4,32,50,64,1.1,1005,10,10,240,22,california
2020-11-08,8,3,0.0,5.5,2,36,No moonrise,02:11 PM,07:21 AM,05:51 PM,-1,1,5,1,34,35,64,2.4,1008,8,10,250,23,california
2020-11-09,9,-1,0.0,8.7,2,28,12:49 AM,02:49 PM,07:22 AM,05:50 PM,-6,2,4,2,16,3,51,0.0,1017,9,10,296,10,california
2020-11-10,12,1,0.0,8.7,3,21,01:57 AM,03:24 PM,07:23 AM,05:49 PM,-9,6,6,6,7,3,36,0.0,1020,12,10,192,4,california
2020-11-11,17,2,0.0,7.1,3,13,03:06 AM,03:57 PM,07:24 AM,05:49 PM,-9,9,9,9,9,17,32,0.0,1016,17,10,251,5,california
2020-11-12,17,4,0.0,8.7,4,6,04:16 AM,04:30 PM,07:25 AM,05:48 PM,-10,10,11,10,11,13,26,0.0,1016,17,10,218,7,california
2020-11-13,17,4,0.0,8.7,4,0,05:28 AM,05:05 PM,07:26 AM,05:47 PM,-5,9,10,9,20,3,37,0.0,1017,17,10,260,12,california
2020-11-14,18,8,0.0,8.7,4,0,06:41 AM,05:44 PM,07:27 AM,05:47 PM,-1,11,13,11,24,7,43,0.0,1019,18,10,267,13,california
2020-11-15,19,6,0.0,8.7,4,0,07:56 AM,06:26 PM,07:28 AM,05:46 PM,-1,12,13,12,9,0,45,0.0,1020,19,10,221,5,california
2020-11-16,22,8,0.0,8.7,5,2,09:10 AM,07:17 PM,07:29 AM,05:45 PM,-5,14,15,14,13,0,29,0.0,1018,22,10,66,8,california
2020-11-17,22,9,0.0,8.7,5,9,10:20 AM,08:13 PM,07:30 AM,05:45 PM,-6,15,15,15,26,8,26,0.0,1016,22,10,188,16,california
2020-11-18,19,11,0.0,8.7,5,17,11:23 AM,09:14 PM,07:31 AM,05:44 PM,-2,13,14,13,36,4,35,0.0,1016,19,10,241,21,california
2020-11-19,17,7,0.0,8.7,4,24,12:16 PM,10:17 PM,07:31 AM,05:44 PM,3,11,12,11,17,1,60,0.0,1019,17,10,267,9,california
2020-11-20,18,9,0.0,8.7,4,32,01:01 PM,11:20 PM,07:32 AM,05:43 PM,-1,13,13,13,8,12,41,0.0,1019,18,10,204,4,california
2020-11-21,20,7,0.0,8.7,4,39,01:39 PM,No moonset,07:33 AM,05:43 PM,-4,13,13,13,12,8,35,0.0,1019,20,10,30,7,california
2020-11-22,20,7,0.0,8.7,5,47,02:10 PM,12:21 AM,07:34 AM,05:42 PM,-4,14,14,14,12,6,33,0.0,1014,20,10,122,6,california
2020-11-23,16,6,0.0,8.7,4,54,02:39 PM,01:20 AM,07:35 AM,05:42 PM,-2,9,11,9,24,2,47,0.0,1011,16,10,271,14,california
2020-11-24,14,3,0.0,8.7,3,62,03:06 PM,02:17 AM,07:36 AM,05:42 PM,-1,7,9,7,9,2,57,0.0,1017,14,10,195,5,california
2020-11-25,17,4,0.0,8.7,4,70,03:31 PM,03:13 AM,07:37 AM,05:41 PM,-2,9,10,9,17,2,50,0.0,1017,17,10,244,11,california
2020-11-26,13,1,0.0,8.7,3,77,03:57 PM,04:07 AM,07:38 AM,05:41 PM,-8,6,8,6,29,3,46,0.0,1020,13,10,161,19,california
2020-11-27,13,1,0.0,8.7,3,85,04:24 PM,05:03 AM,07:39 AM,05:41 PM,-15,5,7,5,15,3,22,0.0,1023,13,10,43,8,california
2020-11-28,14,1,0.0,8.7,3,92,04:54 PM,05:59 AM,07:40 AM,05:41 PM,-11,6,7,6,8,1,30,0.0,1023,14,10,36,4,california
2020-11-29,16,2,0.0,8.7,3,100,05:27 PM,06:57 AM,07:41 AM,05:40 PM,-9,8,9,8,8,0,34,0.0,1021,16,10,39,5,california
2020-11-30,17,4,0.0,8.7,4,100,06:05 PM,07:55 AM,07:42 AM,05:40 PM,-8,10,10,10,8,25,31,0.0,1022,17,10,81,4,california
2020-12-01,17,3,0.0,8.7,4,89,06:49 PM,08:53 AM,07:43 AM,05:40 PM,-8,9,10,9,8,0,32,0.0,1020,17,10,203,4,california
2020-12-02,17,4,0.0,8.7,4,82,07:40 PM,09:49 AM,07:44 AM,05:40 PM,-8,10,11,10,8,8,31,0.0,1019,17,10,93,4,california
2020-12-03,13,2,0.0,8.7,3,75,08:36 PM,10:42 AM,07:44 AM,05:40 PM,-15,7,8,7,16,18,21,0.0,1025,13,10,54,10,california
2020-12-04,14,-1,0.0,8.7,3,67,09:37 PM,11:30 AM,07:45 AM,05:40 PM,-12,6,7,6,5,7,33,0.0,1024,14,10,129,3,california
2020-12-05,15,2,0.0,8.7,3,60,10:40 PM,12:12 PM,07:46 AM,05:40 PM,-13,8,8,8,5,19,28,0.0,1024,15,10,77,3,california
2020-12-06,16,3,0.0,8.7,4,53,11:46 PM,12:50 PM,07:47 AM,05:40 PM,-13,9,9,9,7,15,24,0.0,1023,16,10,179,3,california
2020-12-07,16,4,0.0,8.7,3,46,No moonrise,01:24 PM,07:48 AM,05:40 PM,-8,9,10,9,30,21,29,0.0,1019,16,10,97,19,california
2020-12-08,19,5,0.0,8.7,3,38,12:52 AM,01:56 PM,07:49 AM,05:40 PM,-12,11,13,11,21,17,20,0.0,1021,19,10,37,11,california
2020-12-09,18,4,0.0,8.7,4,31,01:58 AM,02:28 PM,07:49 AM,05:40 PM,-11,11,12,11,8,23,25,0.0,1018,18,10,96,4,california
2020-12-10,16,7,0.0,8.7,4,24,03:07 AM,03:00 PM,07:50 AM,05:41 PM,-9,9,10,9,21,17,28,0.0,1013,16,10,240,13,california
2020-12-11,13,6,0.0,8.7,3,17,04:17 AM,03:36 PM,07:51 AM,05:41 PM,-5,7,10,7,35,11,40,0.0,1018,13,10,253,18,california
2020-12-12,15,3,0.0,8.7,4,9,05:29 AM,04:15 PM,07:51 AM,05:41 PM,0,6,8,6,30,8,59,0.0,1018,15,10,295,18,california
2020-12-13,11,1,0.0,5.4,2,2,06:43 AM,05:01 PM,07:52 AM,05:41 PM,-7,5,6,5,8,24,43,0.0,1024,11,10,179,4,california
2020-12-14,11,5,0.0,8.7,3,0,07:55 AM,05:54 PM,07:53 AM,05:41 PM,-0,5,8,5,26,11,62,0.0,1020,11,10,270,15,california
2020-12-15,12,-1,0.0,8.7,3,0,09:03 AM,06:53 PM,07:53 AM,05:42 PM,-4,5,5,5,8,2,57,0.0,1023,12,10,202,5,california
2020-12-16,14,-0,0.0,8.7,3,5,10:02 AM,07:57 PM,07:54 AM,05:42 PM,-8,6,7,6,6,6,41,0.0,1021,14,10,117,3,california
2020-12-17,14,6,0.0,8.7,4,12,10:52 AM,09:03 PM,07:55 AM,05:43 PM,-2,7,9,7,25,17,48,0.0,1015,14,10,252,16,california
2020-12-18,13,-1,0.0,8.7,3,20,11:35 AM,10:07 PM,07:55 AM,05:43 PM,-5,6,7,6,11,0,55,0.0,1022,13,10,166,6,california
2020-12-19,14,-0,0.0,8.7,3,27,12:10 PM,11:08 PM,07:56 AM,05:43 PM,-7,6,7,6,5,5,44,0.0,1026,14,10,190,3,california
2020-12-20,16,1,0.0,8.7,3,34,12:40 PM,No moonset,07:56 AM,05:44 PM,-8,8,8,8,7,0,39,0.0,1024,16,10,57,4,california
2020-12-21,18,4,0.0,8.7,4,41,01:08 PM,12:07 AM,07:57 AM,05:44 PM,-8,10,10,10,11,0,32,0.0,1017,18,10,100,5,california
2020-12-22,18,6,0.0,8.7,4,49,01:34 PM,01:04 AM,07:57 AM,05:45 PM,-7,11,12,11,22,0,32,0.0,1017,18,10,268,12,california
2020-12-23,15,3,0.0,8.7,2,56,02:00 PM,01:59 AM,07:58 AM,05:45 PM,-9,8,9,8,16,27,34,0.0,1023,15,10,104,10,california
2020-12-24,10,3,0.0,7.0,2,63,02:26 PM,02:54 AM,07:58 AM,05:46 PM,-14,6,7,6,10,65,22,0.0,1025,10,10,94,5,california
2020-12-25,13,1,0.0,8.7,3,70,02:54 PM,03:50 AM,07:59 AM,05:47 PM,-12,6,6,6,9,16,29,0.0,1021,13,10,173,5,california
2020-12-26,14,6,0.0,7.0,3,78,03:26 PM,04:47 AM,07:59 AM,05:47 PM,-2,8,10,8,24,26,49,0.0,1019,14,10,266,14,california
2020-12-27,13,5,0.0,8.7,3,85,04:03 PM,05:46 AM,07:59 AM,05:48 PM,-0,8,10,8,19,28,58,0.0,1015,13,10,207,11,california
2020-12-28,7,1,0.0,3.7,2,92,04:45 PM,06:44 AM,07:59 AM,05:49 PM,1,1,5,1,34,76,77,3.9,1011,7,9,223,25,california
2020-12-29,11,2,0.0,8.7,3,100,05:34 PM,07:42 AM,08:00 AM,05:49 PM,-3,4,6,4,13,5,59,0.0,1020,11,10,323,8,california
2020-12-30,11,2,0.0,8.7,3,100,06:29 PM,08:36 AM,08:00 AM,05:50 PM,-7,6,6,6,7,11,39,0.0,1024,11,10,239,4,california
2020-12-31,11,5,0.0,8.7,3,89,07:30 PM,09:27 AM,08:00 AM,05:51 PM,-2,5,7,5,26,10,53,0.0,1017,11,10,283,15,california
2021-01-01,11,4,0.0,8.7,3,79,08:33 PM,10:11 AM,08:00 AM,05:51 PM,-6,6,7,6,12,5,38,0.0,1020,11,10,158,7,california
2021-01-02,12,5,0.0,8.7,3,71,09:39 PM,10:51 AM,08:01 AM,05:52 PM,-5,8,9,8,10,22,39,0.0,1023,12,10,256,6,california
2021-01-03,13,6,0.0,8.7,3,64,10:44 PM,11:27 AM,08:01 AM,05:53 PM,2,8,9,8,10,11,62,0.0,1022,13,10,252,5,california
2021-01-04,16,6,0.0,8.7,4,57,11:50 PM,11:59 AM,08:01 AM,05:54 PM,2,9,10,9,15,12,59,0.0,1019,16,10,198,10,california
2021-01-05,15,7,0.0,8.7,4,50,No moonrise,12:30 PM,08:01 AM,05:55 PM,2,9,10,9,15,16,60,0.0,1020,15,10,186,9,california
2021-01-06,15,8,0.0,8.7,4,42,12:56 AM,01:01 PM,08:01 AM,05:56 PM,-3,11,11,11,9,28,37,0.0,1021,15,10,92,5,california
2021-01-07,15,7,0.0,7.0,3,35,02:03 AM,01:34 PM,08:01 AM,05:56 PM,-6,11,11,11,6,45,32,0.0,1021,15,10,183,3,california
2021-01-08,16,8,0.0,8.7,4,28,03:12 AM,02:10 PM,08:01 AM,05:57 PM,-3,11,12,11,17,22,37,0.0,1020,16,10,269,10,california
2021-01-09,14,5,0.0,8.7,3,20,04:23 AM,02:51 PM,08:01 AM,05:58 PM,-3,8,9,8,13,3,47,0.0,1020,14,10,168,7,california
2021-01-10,13,5,0.0,8.7,3,13,05:34 AM,03:40 PM,08:01 AM,05:59 PM,-9,9,9,9,6,7,27,0.0,1024,13,10,108,4,california
2021-01-11,14,6,0.0,10.0,4,6,06:42 AM,04:35 PM,08:01 AM,06:00 PM,-6,9,10,9,10,7,33,0.0,1024,14,10,142,5,california
2021-01-12,14,5,0.0,10.0,3,0,07:45 AM,05:37 PM,08:00 AM,06:01 PM,-7,10,9,10,5,31,32,0.0,1024,14,10,83,3,california
2021-01-13,15,6,0.0,10.0,4,0,08:40 AM,06:42 PM,08:00 AM,06:02 PM,-4,11,11,11,6,3,35,0.0,1025,15,10,202,3,california
2021-01-14,19,8,0.0,10.0,4,1,09:26 AM,07:48 PM,08:00 AM,06:03 PM,-1,13,13,13,6,0,39,0.0,1024,19,10,155,3,california
2021-01-15,20,10,0.0,10.0,5,8,10:05 AM,08:52 PM,08:00 AM,06:04 PM,-3,14,14,14,8,2,32,0.0,1022,20,10,113,4,california
2021-01-16,21,10,0.0,10.5,5,16,10:38 AM,09:53 PM,07:59 AM,06:05 PM,-4,15,16,15,9,9,29,0.0,1018,21,10,178,5,california
2021-01-17,19,11,0.0,10.5,5,23,11:08 AM,10:51 PM,07:59 AM,06:06 PM,-4,15,15,15,9,0,29,0.0,1018,19,10,89,5,california
2021-01-18,19,10,0.0,8.4,4,30,11:35 AM,11:48 PM,07:59 AM,06:07 PM,-4,14,15,14,23,33,28,0.0,1011,19,10,104,16,california
2021-01-19,11,7,0.0,10.5,2,38,12:01 PM,No moonset,07:58 AM,06:08 PM,-10,6,9,6,48,12,23,0.1,1015,11,10,56,33,california
2021-01-20,15,7,0.0,10.5,4,45,12:27 PM,12:44 AM,07:58 AM,06:09 PM,-5,8,10,8,27,23,34,0.0,1019,15,10,34,17,california
2021-01-21,16,7,0.0,10.5,4,52,12:54 PM,01:40 AM,07:58 AM,06:10 PM,-1,10,11,10,16,14,46,0.0,1016,16,10,263,10,california
2021-01-22,12,7,0.0,10.5,3,59,01:25 PM,02:36 AM,07:57 AM,06:11 PM,-3,7,9,7,33,11,43,0.0,1012,12,10,240,22,california
2021-01-23,8,4,0.0,8.4,2,67,01:59 PM,03:34 AM,07:57 AM,06:12 PM,-1,3,6,3,18,57,65,1.6,1011,8,9,199,12,california
2021-01-24,10,2,0.0,10.6,2,74,02:38 PM,04:32 AM,07:56 AM,06:13 PM,-2,3,6,3,23,25,59,0.0,1011,10,10,263,17,california
2021-01-25,4,2,0.0,10.6,1,81,03:24 PM,05:30 AM,07:55 AM,06:14 PM,-5,-4,3,-4,66,40,55,0.2,1005,4,10,282,50,california
2021-01-26,6,1,0.0,10.6,2,88,04:17 PM,06:26 AM,07:55 AM,06:15 PM,-6,-1,3,-1,25,12,53,0.0,1012,6,10,278,18,california
2021-01-27,7,0,0.0,5.3,1,96,05:17 PM,07:19 AM,07:54 AM,06:16 PM,-2,2,4,2,20,79,64,0.5,1018,7,9,209,14,california
2021-01-28,7,3,0.0,8.5,2,100,06:20 PM,08:06 AM,07:54 AM,06:17 PM,1,3,5,3,14,58,74,12.5,1014,7,9,144,9,california
2021-01-29,8,4,0.0,10.0,2,90,07:28 PM,08:49 AM,07:53 AM,06:18 PM,0,2,6,2,29,53,68,10.5,1012,8,9,233,23,california
2021-01-30,10,3,0.0,10.7,3,82,08:35 PM,09:27 AM,07:52 AM,06:19 PM,-2,5,6,5,10,7,60,0.0,1021,10,10,153,6,california
2021-01-31,13,5,0.0,10.7,3,79,09:42 PM,10:01 AM,07:52 AM,06:20 PM,-4,8,9,8,12,14,42,0.0,1022,13,10,34,7,california
2021-02-01,14,9,0.0,10.7,4,63,10:49 PM,10:32 AM,07:51 AM,06:21 PM,-4,11,11,11,12,42,36,0.0,1019,14,10,102,7,california
2021-02-02,16,8,0.0,10.7,4,55,11:56 PM,11:04 AM,07:50 AM,06:22 PM,2,11,12,11,17,5,53,0.0,1018,16,10,216,11,california
2021-02-03,12,8,0.0,10.7,4,48,No moonrise,11:36 AM,07:49 AM,06:23 PM,3,7,10,7,28,6,64,0.0,1017,12,10,261,20,california
2021-02-04,13,4,0.0,10.8,3,40,01:04 AM,12:10 PM,07:48 AM,06:24 PM,-4,7,8,7,11,1,45,0.0,1021,13,10,151,7,california
2021-02-05,16,6,0.0,10.8,4,33,02:13 AM,12:49 PM,07:48 AM,06:25 PM,-5,11,11,11,7,0,35,0.0,1019,16,10,216,5,california
2021-02-06,16,6,0.0,10.8,4,25,03:23 AM,01:34 PM,07:47 AM,06:26 PM,-5,11,11,11,6,0,35,0.0,1017,16,10,129,4,california
2021-02-07,18,8,0.0,10.1,3,18,04:30 AM,02:24 PM,07:46 AM,06:27 PM,-4,13,13,13,8,40,33,0.0,1013,18,10,223,5,california
2021-02-08,18,8,0.0,10.8,4,10,05:34 AM,03:23 PM,07:45 AM,06:28 PM,-2,13,14,13,17,15,37,0.0,1012,18,10,236,11,california
2021-02-09,17,10,0.0,10.9,4,3,06:30 AM,04:25 PM,07:44 AM,06:29 PM,2,11,13,11,27,27,51,0.0,1013,17,10,255,18,california
2021-02-10,16,8,0.0,10.9,4,0,07:19 AM,05:31 PM,07:43 AM,06:30 PM,4,11,12,11,17,13,60,0.0,1015,16,10,277,11,california
2021-02-11,16,7,0.0,10.9,3,0,08:00 AM,06:35 PM,07:42 AM,06:31 PM,3,10,11,10,20,20,61,0.0,1016,16,10,256,14,california
2021-02-12,12,9,0.0,10.1,3,0,08:35 AM,07:38 PM,07:41 AM,06:32 PM,3,8,10,8,28,26,61,3.6,1012,12,10,263,20,california
2021-02-13,12,6,0.0,10.9,2,5,09:06 AM,08:38 PM,07:40 AM,06:33 PM,1,5,9,5,40,20,60,0.1,1011,12,10,278,30,california
2021-02-14,10,4,0.0,11.0,3,12,09:35 AM,09:36 PM,07:39 AM,06:34 PM,-2,4,7,4,25,3,53,0.0,1014,10,10,295,17,california
2021-02-15,14,4,0.0,11.0,3,20,10:01 AM,10:33 PM,07:38 AM,06:35 PM,1,6,9,6,27,13,60,0.0,1016,14,10,256,19,california
2021-02-16,12,7,0.0,11.0,3,27,10:27 AM,11:29 PM,07:37 AM,06:36 PM,-0,6,9,6,31,8,55,0.0,1013,12,10,266,23,california
2021-02-17,12,4,0.0,11.0,3,35,10:54 AM,No moonset,07:36 AM,06:37 PM,-1,7,8,7,11,2,56,0.0,1018,12,10,240,7,california
2021-02-18,12,5,0.0,11.0,3,42,11:23 AM,12:25 AM,07:35 AM,06:38 PM,-7,8,8,8,6,2,37,0.0,1025,12,10,170,4,california
2021-02-19,15,5,0.0,11.1,4,50,11:55 AM,01:22 AM,07:33 AM,06:39 PM,-7,9,10,9,12,5,31,0.0,1023,15,10,225,8,california
2021-02-20,12,7,0.0,11.1,3,58,12:31 PM,02:19 AM,07:32 AM,06:39 PM,-3,6,9,6,31,8,48,0.0,1020,12,10,278,23,california
2021-02-21,14,4,0.0,11.1,3,65,01:14 PM,03:17 AM,07:31 AM,06:40 PM,-8,7,9,7,14,0,34,0.0,1027,14,10,132,9,california
2021-02-22,17,7,0.0,11.1,4,73,02:03 PM,04:13 AM,07:30 AM,06:41 PM,-7,11,12,11,13,0,28,0.0,1024,17,10,49,8,california
2021-02-23,18,8,0.0,11.1,4,80,03:00 PM,05:08 AM,07:29 AM,06:42 PM,-4,13,13,13,10,14,30,0.0,1017,18,10,148,6,california
2021-02-24,18,9,0.0,11.2,4,88,04:02 PM,05:57 AM,07:27 AM,06:43 PM,1,13,14,13,18,5,44,0.0,1017,18,10,283,11,california
2021-02-25,12,6,0.0,11.2,3,95,05:08 PM,06:42 AM,07:26 AM,06:44 PM,-10,8,9,8,15,2,25,0.0,1023,12,10,126,9,california
2021-02-26,16,5,0.0,11.2,4,100,06:17 PM,07:22 AM,07:25 AM,06:45 PM,-3,10,11,10,16,2,41,0.0,1017,16,10,251,10,california
2021-02-27,15,6,0.0,11.2,4,90,07:26 PM,07:58 AM,07:24 AM,06:46 PM,-2,9,10,9,21,1,47,0.0,1014,15,10,252,13,california
2021-02-28,12,5,0.0,11.3,3,82,08:35 PM,08:31 AM,07:22 AM,06:47 PM,-10,8,9,8,15,0,27,0.0,1022,12,10,106,10,california
2021-03-01,14,5,0.0,11.3,3,79,09:45 PM,09:04 AM,07:21 AM,06:48 PM,-15,9,10,9,13,14,16,0.0,1022,14,10,95,8,california
2021-03-02,18,8,0.0,11.3,4,72,10:55 PM,09:36 AM,07:20 AM,06:49 PM,-13,11,12,11,15,6,16,0.0,1018,18,10,60,9,california
2021-03-03,15,8,0.0,8.6,3,65,No moonrise,10:10 AM,07:19 AM,06:50 PM,-8,10,11,10,22,30,27,0.0,1009,15,10,123,15,california
2021-03-04,16,5,0.0,11.3,4,57,12:05 AM,10:48 AM,07:17 AM,06:50 PM,-2,9,11,9,15,0,47,0.0,1020,16,10,190,9,california
2021-03-05,19,8,0.0,11.4,4,50,01:16 AM,11:31 AM,07:16 AM,06:51 PM,-5,13,14,13,12,0,28,0.0,1019,19,10,113,8,california
2021-03-06,15,7,0.0,11.4,4,43,02:24 AM,12:20 PM,07:15 AM,06:52 PM,-1,10,12,10,29,2,45,0.0,1015,15,10,257,19,california
2021-03-07,17,7,0.0,8.7,3,35,03:28 AM,01:16 PM,07:13 AM,06:53 PM,2,11,12,11,17,38,53,0.0,1015,17,10,239,12,california
2021-03-08,13,6,0.0,11.4,4,28,04:26 AM,02:16 PM,07:12 AM,06:54 PM,1,7,10,7,31,2,55,0.0,1018,13,10,246,23,california
2021-03-09,11,4,0.0,11.5,3,21,05:16 AM,03:20 PM,07:10 AM,06:55 PM,-2,4,8,4,30,6,52,0.0,1019,11,10,254,23,california
2021-03-10,9,3,0.0,5.7,2,14,05:59 AM,04:23 PM,07:09 AM,06:56 PM,-2,2,6,2,27,58,59,2.1,1016,9,8,240,21,california
2021-03-11,9,1,0.0,10.1,2,6,06:35 AM,05:26 PM,07:08 AM,06:57 PM,-4,2,5,2,24,41,55,0.4,1016,9,10,241,18,california
2021-03-12,11,3,0.0,11.5,2,0,07:07 AM,06:26 PM,07:06 AM,06:57 PM,-3,5,7,5,17,23,51,0.1,1019,11,10,273,13,california
2021-03-13,14,4,0.0,11.5,3,0,07:36 AM,07:26 PM,07:05 AM,06:58 PM,-2,7,9,7,20,6,49,0.1,1021,14,10,277,15,california
2021-03-14,17,5,0.0,10.1,3,1,08:02 AM,08:22 PM,07:03 AM,06:59 PM,-2,9,11,9,21,25,43,0.0,1019,17,10,246,15,california
2021-03-15,6,4,0.0,8.8,2,8,08:28 AM,09:19 PM,07:02 AM,07:00 PM,-3,1,6,1,42,35,57,0.5,1013,6,10,256,33,california
2021-03-16,12,1,0.0,11.6,3,15,08:54 AM,10:15 PM,07:01 AM,07:01 PM,-3,3,6,3,17,6,55,0.0,1014,12,10,257,13,california
2021-03-17,15,5,0.0,11.6,4,23,09:22 AM,11:12 PM,06:59 AM,07:02 PM,-4,9,10,9,8,35,41,0.0,1017,15,10,180,5,california
2021-03-18,19,10,0.0,11.6,5,30,09:53 AM,No moonset,06:58 AM,07:02 PM,-4,14,14,14,16,29,29,0.0,1018,19,10,216,11,california
2021-03-19,19,10,0.0,11.6,5,37,10:27 AM,12:09 AM,06:56 AM,07:03 PM,5,13,14,13,25,12,55,0.0,1018,19,10,250,18,california
2021-03-20,12,8,0.0,11.6,4,44,11:07 AM,01:07 AM,06:55 AM,07:04 PM,0,7,10,7,28,3,54,0.0,1018,12,10,264,21,california
2021-03-21,16,5,0.0,11.6,4,52,11:52 AM,02:03 AM,06:54 AM,07:05 PM,-3,9,10,9,16,6,45,0.0,1020,16,10,232,12,california
2021-03-22,17,6,0.0,11.6,4,59,12:44 PM,02:57 AM,06:52 AM,07:06 PM,-0,10,11,10,20,3,48,0.0,1018,17,10,278,15,california
2021-03-23,14,7,0.0,11.6,4,66,01:43 PM,03:48 AM,06:51 AM,07:07 PM,-1,8,10,8,28,7,48,0.0,1012,14,10,237,20,california
2021-03-24,17,6,0.0,11.6,4,73,02:47 PM,04:33 AM,06:49 AM,07:07 PM,-11,10,12,10,21,10,21,0.0,1015,17,10,92,14,california
2021-03-25,17,7,0.0,11.6,4,81,03:54 PM,05:15 AM,06:48 AM,07:08 PM,-2,10,12,10,26,7,40,0.0,1010,17,10,259,19,california
2021-03-26,17,7,0.0,11.6,4,88,05:03 PM,05:52 AM,06:46 AM,07:09 PM,-0,12,12,12,10,4,46,0.0,1012,17,10,198,7,california
2021-03-27,21,10,0.0,11.6,5,95,06:13 PM,06:26 AM,06:45 AM,07:10 PM,-3,16,16,16,9,1,36,0.0,1017,21,10,145,7,california
2021-03-28,24,12,0.0,11.6,5,100,07:24 PM,07:00 AM,06:44 AM,07:11 PM,-3,18,18,18,12,0,29,0.0,1018,24,10,225,7,california
2021-03-29,23,12,0.0,11.6,5,100,08:35 PM,07:33 AM,06:42 AM,07:11 PM,-2,17,17,17,29,1,29,0.0,1012,23,10,267,19,california
2021-03-30,21,11,0.0,11.6,5,83,09:49 PM,08:06 AM,06:41 AM,07:12 PM,-5,16,16,16,19,0,27,0.0,1013,21,10,181,12,california
2021-03-31,22,12,0.0,11.6,5,79,11:02 PM,08:44 AM,06:39 AM,07:13 PM,-14,17,17,17,20,0,11,0.0,1020,22,10,53,13,california
2021-04-01,24,13,0.0,11.6,5,63,No moonrise,09:27 AM,06:38 AM,07:14 PM,-14,18,18,18,14,14,10,0.0,1015,24,10,82,8,california
2021-04-02,27,15,0.0,11.6,6,56,12:14 AM,10:15 AM,06:37 AM,07:15 PM,-6,21,20,21,20,0,17,0.0,1012,27,10,248,13,california
2021-04-03,27,15,0.0,11.6,6,48,01:22 AM,11:10 AM,06:35 AM,07:15 PM,-5,21,21,21,24,1,20,0.0,1016,27,10,239,15,california
2021-04-04,28,15,0.0,10.3,5,41,02:23 AM,12:10 PM,06:34 AM,07:16 PM,-3,22,22,22,24,20,22,0.0,1015,28,10,263,16,california
2021-04-05,24,14,0.0,10.3,5,33,03:16 AM,01:13 PM,06:32 AM,07:17 PM,-0,19,19,19,29,32,30,0.0,1012,24,10,260,21,california
2021-04-06,23,11,0.0,10.3,4,26,04:00 AM,02:16 PM,06:31 AM,07:18 PM,-2,16,18,16,21,36,32,0.0,1011,23,10,265,14,california
2021-04-07,24,12,0.0,11.6,5,18,04:37 AM,03:19 PM,06:30 AM,07:19 PM,-2,17,17,17,21,11,30,0.0,1014,24,10,261,14,california
2021-04-08,23,11,0.0,11.6,5,11,05:10 AM,04:19 PM,06:28 AM,07:20 PM,-2,16,17,16,28,4,30,0.0,1013,23,10,268,20,california
2021-04-09,24,10,0.0,11.6,5,3,05:39 AM,05:18 PM,06:27 AM,07:20 PM,-5,16,17,16,18,0,24,0.0,1013,24,10,266,12,california
2021-04-10,24,11,0.0,11.6,5,0,06:05 AM,06:15 PM,06:26 AM,07:21 PM,-1,17,18,17,20,2,31,0.0,1009,24,10,269,14,california
2021-04-11,25,13,0.0,11.6,5,0,06:31 AM,07:12 PM,06:24 AM,07:22 PM,-1,18,19,18,18,25,29,0.0,1006,25,10,255,12,california
2021-04-12,25,12,0.0,11.6,5,0,06:57 AM,08:08 PM,06:23 AM,07:23 PM,-0,18,19,18,28,1,33,0.0,1005,25,10,247,19,california
2021-04-13,22,12,0.0,11.6,5,4,07:24 AM,09:05 PM,06:22 AM,07:24 PM,0,16,17,16,41,3,37,0.0,1005,22,10,239,29,california
2021-04-14,20,8,0.0,11.6,5,12,07:53 AM,10:02 PM,06:20 AM,07:24 PM,-1,14,15,14,29,1,38,0.0,1008,20,10,240,20,california
2021-04-15,20,9,0.0,11.6,5,19,08:26 AM,10:59 PM,06:19 AM,07:25 PM,-3,14,15,14,27,1,31,0.0,1011,20,10,278,18,california
2021-04-16,23,11,0.0,11.6,5,27,09:03 AM,11:56 PM,06:18 AM,07:26 PM,-4,17,17,17,15,2,26,0.0,1013,23,10,213,9,california
2021-04-17,22,13,0.0,11.6,5,34,09:46 AM,No moonset,06:17 AM,07:27 PM,-2,17,17,17,19,6,28,0.0,1012,22,10,242,13,california
2021-04-18,25,14,0.0,11.6,6,42,10:35 AM,12:50 AM,06:15 AM,07:28 PM,-8,20,20,20,27,0,19,0.0,1015,25,10,178,19,california
2021-04-19,28,15,0.0,11.6,6,50,11:30 AM,01:42 AM,06:14 AM,07:28 PM,-5,21,21,21,19,0,18,0.0,1014,28,10,265,12,california
2021-04-20,27,16,0.0,10.3,5,57,12:30 PM,02:28 AM,06:13 AM,07:29 PM,-3,20,20,21,24,16,21,0.0,1010,27,10,230,16,california
2021-04-21,23,11,0.0,11.6,5,65,01:35 PM,03:10 AM,06:12 AM,07:30 PM,2,17,18,17,32,5,40,0.0,1007,23,10,250,21,california
2021-04-22,22,10,0.0,11.6,5,72,02:40 PM,03:48 AM,06:10 AM,07:31 PM,4,16,17,16,23,6,47,0.0,1009,22,10,223,16,california
2021-04-23,26,11,0.0,11.6,5,80,03:49 PM,04:22 AM,06:09 AM,07:32 PM,2,18,18,18,30,1,38,0.0,1010,26,10,238,21,california
2021-04-24,21,11,0.0,10.4,4,87,04:58 PM,04:55 AM,06:08 AM,07:33 PM,-1,15,16,15,35,25,36,0.0,1011,21,10,244,25,california
2021-04-25,15,9,0.0,10.4,3,95,06:09 PM,05:27 AM,06:07 AM,07:33 PM,1,10,12,10,35,35,47,0.0,1008,15,10,241,27,california
2021-04-26,15,4,0.0,11.6,4,100,07:23 PM,06:00 AM,06:06 AM,07:34 PM,-2,8,10,8,30,9,48,0.0,1010,15,10,264,24,california
2021-04-27,19,7,0.0,11.6,4,100,08:37 PM,06:36 AM,06:05 AM,07:35 PM,-4,12,13,12,21,5,34,0.0,1014,19,10,270,15,california
2021-04-28,26,10,0.0,11.6,5,83,09:53 PM,07:17 AM,06:04 AM,07:36 PM,-6,17,18,17,17,0,25,0.0,1018,26,10,199,11,california
2021-04-29,30,15,0.0,11.6,6,75,11:07 PM,08:04 AM,06:03 AM,07:37 PM,-6,23,23,23,13,0,16,0.0,1020,30,10,215,8,california
